category,brand,model,link,engine,domain,att1,att2,att3,att4,att5,repeat
ساید بای ساید,DAEWOO,DAEWOO-SBS-DS-3020MW,https://www.digikala.com/product/dkp-11311821/%DB%8C%D8%AE%DA%86%D8%A7%D9%84-%D9%88-%D9%81%D8%B1%DB%8C%D8%B2%D8%B1-%D8%B3%D8%A7%DB%8C%D8%AF-%D8%A8%D8%A7%DB%8C-%D8%B3%D8%A7%DB%8C%D8%AF-29-%D9%81%D9%88%D8%AA-%D8%AF%D9%88%D9%88-%D9%85%D8%AF%D9%84-ds-3020mw, ,digikala.com,29,440,244,4,3,False
ساید بای ساید,DAEWOO,DAEWOO-SBS-DS-3320MW,https://www.digikala.com/product/dkp-4509924/%DB%8C%D8%AE%DA%86%D8%A7%D9%84-%D9%88-%D9%81%D8%B1%DB%8C%D8%B2%D8%B1-%D8%B3%D8%A7%DB%8C%D8%AF-%D8%A8%D8%A7%DB%8C-%D8%B3%D8%A7%DB%8C%D8%AF-32-%D9%81%D9%88%D8%AA-%D8%AF%D9%88%D9%88-%D9%85%D8%AF%D9%84-ds-3320mw,yahoo.com,digikala.com,32,440,244,4,3,False
ساید بای ساید,GPLUS,GPLUS-SBS-GSS-P7535 S,https://www.digikala.com/product/dkp-15985292/%DB%8C%D8%AE%DA%86%D8%A7%D9%84-%D9%88-%D9%81%D8%B1%DB%8C%D8%B2%D8%B1-%D8%B3%D8%A7%DB%8C%D8%AF-%D8%A8%D8%A7%DB%8C-%D8%B3%D8%A7%DB%8C%D8%AF-28-%D9%81%D9%88%D8%AA-%D8%AC%DB%8C-%D9%BE%D9%84%D8%A7%D8%B3-%D9%85%D8%AF%D9%84-gss-p7535s,yahoo.com,digikala.com,28,332,175,4,4,False
ساید بای ساید,GPLUS,GPLUS-SBS-GSS-M7525BS,https://www.entekhabcenter.com/product/gss-m7525bs-side-by-side-g-plus-28-feet,yahoo.com,entekhabcenter.com,28,,,4,4,True
ساید بای ساید,LG,LG-SBS-GC-J257SMKC,https://www.sallambabaa.com/SBP-7295/lg,bing.com,sallambabaa.com,24,424,250,4,4,False
ساید بای ساید,LG,LG-SBS-GRJ257CLAV,https://www.sallambabaa.com/SBP-6633/lg,yahoo.com,sallambabaa.com,24,,,4,5,True
ساید بای ساید,PAKSHOMA,PAKSHOMA-SBS-P-340W,https://www.digikala.com/product/dkp-9654911/%DB%8C%D8%AE%DA%86%D8%A7%D9%84-%D9%88-%D9%81%D8%B1%DB%8C%D8%B2%D8%B1-%D8%B3%D8%A7%DB%8C%D8%AF-%D8%A8%D8%A7%DB%8C-%D8%B3%D8%A7%DB%8C%D8%AF-32-%D9%81%D9%88%D8%AA-%D9%BE%D8%A7%DA%A9%D8%B4%D9%88%D9%85%D8%A7-%D9%85%D8%AF%D9%84-p-340,yahoo.com,digikala.com,32,487,170,4,3,False
ساید بای ساید,PAKSHOMA,PAKSHOMA-SBS-P340,https://www.digikala.com/product/dkp-9654911/%DB%8C%D8%AE%DA%86%D8%A7%D9%84-%D9%88-%D9%81%D8%B1%DB%8C%D8%B2%D8%B1-%D8%B3%D8%A7%DB%8C%D8%AF-%D8%A8%D8%A7%DB%8C-%D8%B3%D8%A7%DB%8C%D8%AF-32-%D9%81%D9%88%D8%AA-%D9%BE%D8%A7%DA%A9%D8%B4%D9%88%D9%85%D8%A7-%D9%85%D8%AF%D9%84-p-340,yahoo.com,digikala.com,32,487,170,4,3,False
ساید بای ساید,SAM,SAM-SBS-ROSSO-3S,https://www.digikala.com/product/dkp-11019852/%DB%8C%D8%AE%DA%86%D8%A7%D9%84-%D9%88-%D9%81%D8%B1%DB%8C%D8%B2%D8%B1-%D8%B3%D8%A7%DB%8C%D8%AF-%D8%A8%D8%A7%DB%8C-%D8%B3%D8%A7%DB%8C%D8%AF-32-%D9%81%D9%88%D8%AA-%D8%B3%D8%A7%D9%85-%D9%85%D8%AF%D9%84-rosso-3s,yahoo.com,digikala.com,32,500,232,4,4,False
ساید بای ساید,SAM,SAM-SBS-ROMANO-S,https://torob.com/p/f5bdab84-ea1a-4d19-8de5-ced3742b8a2d/%DB%8C%D8%AE%DA%86%D8%A7%D9%84-%D8%B3%D8%A7%DB%8C%D8%AF-%D8%A8%D8%A7%DB%8C-%D8%B3%D8%A7%DB%8C%D8%AF-%D8%B3%D8%A7%D9%85-%D9%85%D8%AF%D9%84-%D8%B1%D9%88%D9%85%D8%A7%D9%86%D9%88-romano/,bing.com,torob.com,30,435,255,3,3,False
ساید بای ساید,SAMSUNG,SAMSUNG-SBS-RH65,https://www.sallambabaa.com/SBP-6588/samsung,yahoo.com,sallambabaa.com,22,410,218,4,4,False
ساید بای ساید,SAMSUNG,SAMSUNG-SBS-RS80,https://www.sallambabaa.com/SBP-5499/samsung,bing.com,sallambabaa.com,30,532,317,4,4,False
ساید بای ساید,SNOWA,SNOWA-SBS-SN8-2028GW,https://www.digikala.com/product/dkp-11314647/%DB%8C%D8%AE%DA%86%D8%A7%D9%84-%D9%88-%D9%81%D8%B1%DB%8C%D8%B2%D8%B1-%D8%B3%D8%A7%DB%8C%D8%AF-%D8%A8%D8%A7%DB%8C-%D8%B3%D8%A7%DB%8C%D8%AF-27%D9%81%D9%88%D8%AA-%D8%A7%D8%B3%D9%86%D9%88%D8%A7-%D9%85%D8%AF%D9%84-sn8-2028gw,yahoo.com,digikala.com,27,394,197,4,4,False
ساید بای ساید,SNOWA,SNOWA-SBS-SN8-2034GW,https://www.digikala.com/product/dkp-12146293/%DB%8C%D8%AE%DA%86%D8%A7%D9%84-%D9%88-%D9%81%D8%B1%DB%8C%D8%B2%D8%B1-%D8%B3%D8%A7%DB%8C%D8%AF-%D8%A8%D8%A7%DB%8C-%D8%B3%D8%A7%DB%8C%D8%AF-32-%D9%81%D9%88%D8%AA-%D8%A7%D8%B3%D9%86%D9%88%D8%A7-%D9%85%D8%AF%D9%84-sn8-2034gw,yahoo.com,digikala.com,32,440,244,5,4,False
ساید بای ساید,TCL,TCL-SBS-S545,https://www.digikala.com/product/dkp-4649798/%DB%8C%D8%AE%DA%86%D8%A7%D9%84-%D9%88-%D9%81%D8%B1%DB%8C%D8%B2%D8%B1-%D8%B3%D8%A7%DB%8C%D8%AF-%D8%A8%D8%A7%DB%8C-%D8%B3%D8%A7%DB%8C%D8%AF-28-%D9%81%D9%88%D8%AA-%D8%AA%DB%8C-%D8%B3%DB%8C-%D8%A7%D9%84-%D9%85%D8%AF%D9%84-s545-awdasdagdamd,yahoo.com,digikala.com,28,321,138,4,4,False
ساید بای ساید,X.VISION,X.VISION-SBS-TS540-ASD, ,yahoo.com,entekhabcenter.com,28, , ,2,,False
ساید بای ساید,X.VISION,X.VISION-SBS-HS550-ASD, ,bing.com,entekhabcenter.com,28, , ,5,5,False
ماشین ظرفشویی,BOSCH,BOSCH-DW-SMS46NW01B,https://torob.com/p/8d8bb2fd-b22d-42c3-bc0b-ec305b8f45e4/%D9%85%D8%A7%D8%B4%DB%8C%D9%86-%D8%B8%D8%B1%D9%81%D8%B4%D9%88%DB%8C%DB%8C-%D8%A8%D9%88%D8%B4-%D9%85%D8%AF%D9%84-sms46mw01b-sms46mi01b/,bing.com,torob.com,1,44,7,14,,False
ماشین ظرفشویی,BOSCH,BOSCH-DW-SMS6ZCI49E,https://www.bing.com/ck/a?!&&p=89a4c68425c79c75f84cac22416f1ca78e2733b1ccfb2e97da584a70f3d1a2beJmltdHM9MTc0MDQ0MTYwMA&ptn=3&ver=2&hsh=4&fclid=3d9f2297-7012-6f4d-112f-370971996ea2&u=a1aHR0cHM6Ly90b3JvYi5jb20vcC81MmUxY2RiYi03MjQxLTRlODgtOWU1ZC1lN2FlN2JkMjA3YjIvJUQ5JTg1JUQ4JUE3JUQ4JUI0JURCJThDJUQ5JTg2LSVEOCVCOCVEOCVCMSVEOSU4MSVEOCVCNCVEOSU4OCVEQiU4QyVEQiU4Qy0xNC0lRDklODYlRDklODElRDglQjElRDklODctJUQ4JUIzJUQ4JUIxJURCJThDLTYtJUQ4JUE4JUQ5JTg4JUQ4JUI0LSVEOSU4NSVEOCVBRiVEOSU4NC1zbXM2emNpNDllLw&ntb=1,bing.com,torob.com,2,42,8,14,9,False
ماشین ظرفشویی,CANDY,CANDY-DW-PFC-315W, ,bing.com,torob.com,2, ,8,15, ,False
ماشین ظرفشویی,CANDY,CANDY-DW-PFC-315S, ,bing.com,torob.com,2, ,8,15, ,False
ماشین ظرفشویی,CLEVER,CLEVER-DW-CDWH16TW1,https://www.bing.com/ck/a?!&&p=334b80e61284e8ca0919515a59d764f7b5416fd91fddc9aa3d45dcd61408fed6JmltdHM9MTc0MDQ0MTYwMA&ptn=3&ver=2&hsh=4&fclid=3d9f2297-7012-6f4d-112f-370971996ea2&u=a1aHR0cHM6Ly90b3JvYi5jb20vcC8zOWVhNTVjYS00M2IwLTRkMDUtYWI5NS1jMmQyYWUzMWUyYWUvJUQ5JTg1JUQ4JUE3JUQ4JUI0JURCJThDJUQ5JTg2LSVEOCVCOCVEOCVCMSVEOSU4MSVEOCVCNCVEOSU4OCVEQiU4QyVEQiU4Qy0lREElQTklRDklODQlRDklODglRDglQjEtJUQ5JTg1JUQ4JUFGJUQ5JTg0LWNkdy1oMTZ0dzEv&ntb=1,bing.com,torob.com, ,47, ,16, ,False
ماشین ظرفشویی,CORAL,CORAL-DW-DS1417,https://www.digikala.com/product/dkp-8829147/%D9%85%D8%A7%D8%B4%DB%8C%D9%86-%D8%B8%D8%B1%D9%81%D8%B4%D9%88%DB%8C%DB%8C-%DA%A9%D8%B1%D8%A7%D9%84-%D9%85%D8%AF%D9%84-ds-1417gs,yahoo.com,digikala.com,2,47,7,14, ,False
ماشین ظرفشویی,DAEWOO,DAEWOO-DW-DW-200W,https://www.entekhabcenter.com/daewoo-dishwasher-14-people-model-dw-200w,yahoo.com,entekhabcenter.com,1,,7,14,,False
ماشین ظرفشویی,DAEWOO,DAEWOO-DW-DDW-2560,https://torob.com/p/2f66d337-7895-406f-a0e8-28c964053863/%D9%85%D8%A7%D8%B4%DB%8C%D9%86-%D8%B8%D8%B1%D9%81%D8%B4%D9%88%DB%8C%DB%8C-%D8%AF%D9%88%D9%88-15-%D9%86%D9%81%D8%B1%D9%87-%D9%85%D8%AF%D9%84-dwk-2560/,bing.com,torob.com,2,49,6,15,12,False
ماشین ظرفشویی,EMERSUN,EMERSUN-DW-ED14-MI3,https://www.digikala.com/product/dkp-4564245/%D9%85%D8%A7%D8%B4%DB%8C%D9%86-%D8%B8%D8%B1%D9%81%D8%B4%D9%88%DB%8C%DB%8C-%D8%A7%D9%85%D8%B1%D8%B3%D8%A7%D9%86-%D9%85%D8%AF%D9%84-ed14-mi3,yahoo.com,digikala.com,2,49,8,14, ,False
ماشین ظرفشویی,GPLUS,GPLUS-DW-GDW-P5673,https://www.digikala.com/product/dkp-16460373/%D9%85%D8%A7%D8%B4%DB%8C%D9%86-%D8%B8%D8%B1%D9%81%D8%B4%D9%88%DB%8C%DB%8C-%DB%B1%DB%B5-%D9%86%D9%81%D8%B1%D9%87-%D8%AC%DB%8C-%D9%BE%D9%84%D8%A7%D8%B3-%D9%85%D8%AF%D9%84-gdw-p5673s,yahoo.com,digikala.com,2,49,6,15,11,False
ماشین ظرفشویی,GPLUS,GPLUS-DW-GDW-N1473,https://www.digikala.com/product/dkp-16899011/%D9%85%D8%A7%D8%B4%DB%8C%D9%86-%D8%B8%D8%B1%D9%81%D8%B4%D9%88%DB%8C%DB%8C-14-%D9%86%D9%81%D8%B1%D9%87-%D8%AC%DB%8C-%D9%BE%D9%84%D8%A7%D8%B3-%D9%85%D8%AF%D9%84-gdw-n1473w,yahoo.com,digikala.com,2,47,8,14,11,False
ماشین ظرفشویی,HIMALIA,HIMALIA-DW-MDK16-BETA,https://www.digikala.com/product/dkp-4665857/%D9%85%D8%A7%D8%B4%DB%8C%D9%86-%D8%B8%D8%B1%D9%81%D8%B4%D9%88%DB%8C%DB%8C-%D9%87%DB%8C%D9%85%D8%A7%D9%84%DB%8C%D8%A7-%D9%85%D8%AF%D9%84-mdk16-beta,yahoo.com,digikala.com,2,49,6,15, ,False
ماشین ظرفشویی,KENWOOD,KENWOOD-DW-KDW-3140,https://www.digikala.com/product/dkp-13947004/%D9%85%D8%A7%D8%B4%DB%8C%D9%86-%D8%B8%D8%B1%D9%81%D8%B4%D9%88%DB%8C%DB%8C-%DA%A9%D9%86%D9%88%D9%88%D8%AF-%D9%85%D8%AF%D9%84-kdw-3140,yahoo.com,digikala.com,2,49,7,14,10,False
ماشین ظرفشویی,LG,LG-DW-DFB512FP,https://www.bing.com/ck/a?!&&p=507fe3194b3bfe61df8060b0e27acff388cb1e928f694527ccccc07394871abeJmltdHM9MTc0MDQ0MTYwMA&ptn=3&ver=2&hsh=4&fclid=3d9f2297-7012-6f4d-112f-370971996ea2&u=a1aHR0cHM6Ly90b3JvYi5jb20vcC8yYTEzNGZkOS03ZTEyLTQ1NjAtYmU3NS0yNzA0OTQwZDg4YjIvJUQ5JTg1JUQ4JUE3JUQ4JUI0JURCJThDJUQ5JTg2LSVEOCVCOCVEOCVCMSVEOSU4MSVEOCVCNCVEOSU4OCVEQiU4QyVEQiU4Qy0lRDglQTclRDklODQtJUQ4JUFDJURCJThDLSVEOSU4NSVEOCVBRiVEOSU4NC1kZmI1MTJmcC1mdy8&ntb=1,bing.com,torob.com, , , , , ,False
ماشین ظرفشویی,LG,LG-DW-DFB512FW,https://www.bing.com/ck/a?!&&p=507fe3194b3bfe61df8060b0e27acff388cb1e928f694527ccccc07394871abeJmltdHM9MTc0MDQ0MTYwMA&ptn=3&ver=2&hsh=4&fclid=3d9f2297-7012-6f4d-112f-370971996ea2&u=a1aHR0cHM6Ly90b3JvYi5jb20vcC8yYTEzNGZkOS03ZTEyLTQ1NjAtYmU3NS0yNzA0OTQwZDg4YjIvJUQ5JTg1JUQ4JUE3JUQ4JUI0JURCJThDJUQ5JTg2LSVEOCVCOCVEOCVCMSVEOSU4MSVEOCVCNCVEOSU4OCVEQiU4QyVEQiU4Qy0lRDglQTclRDklODQtJUQ4JUFDJURCJThDLSVEOSU4NSVEOCVBRiVEOSU4NC1kZmI1MTJmcC1mdy8&ntb=1,bing.com,torob.com, , , , , ,False
ماشین ظرفشویی,PAKSHOMA,PAKSHOMA-DW-15302,https://www.entekhabcenter.com/pakshoma-mdf-15302w-dishwasher,bing.com,entekhabcenter.com,2,49,7,15,12,False
ماشین ظرفشویی,PAKSHOMA,PAKSHOMA-DW-PDA-3511,https://www.entekhabcenter.com/product/pakshoma-dishwasher-for-15-people-model-pda-3511w,yahoo.com,entekhabcenter.com,,,,,,False
ماشین ظرفشویی,SAM,SAM-DW-DW-192ST,https://www.entekhabcenter.com/product/sam-dishwasher-for-15-people-model-dw-192st,yahoo.com,entekhabcenter.com,1,,9,15,10,False
ماشین ظرفشویی,SAM,SAM-DW-DW-186S,https://www.digikala.com/product/dkp-15071216/%D9%85%D8%A7%D8%B4%DB%8C%D9%86-%D8%B8%D8%B1%D9%81%D8%B4%D9%88%DB%8C%DB%8C-%D8%B3%D8%A7%D9%85-%D9%85%D8%AF%D9%84-dw-186sti,yahoo.com,digikala.com,2, ,7,15,10,False
ماشین ظرفشویی,SAMSUNG,SAMSUNG-DW-DW60M5070FS,https://www.bing.com/ck/a?!&&p=f00a56d84c507c91773f2bd94abc2122a6b54a26324020bfda750f3355b220c1JmltdHM9MTc0MDQ0MTYwMA&ptn=3&ver=2&hsh=4&fclid=3d9f2297-7012-6f4d-112f-370971996ea2&u=a1aHR0cHM6Ly90b3JvYi5jb20vcC8yNDM3YTIxYy03ODgzLTRjYjEtODc4Zi1lZjM3NjRhNzkyZWQvJUQ5JTg1JUQ4JUE3JUQ4JUI0JURCJThDJUQ5JTg2LSVEOCVCOCVEOCVCMSVEOSU4MSVEOCVCNCVEOSU4OCVEQiU4QyVEQiU4Qy1kdzYwbTUwNzBmLw&ntb=1,bing.com,torob.com,4, ,7,14, ,False
ماشین ظرفشویی,SAMSUNG,SAMSUNG-DW-DW60H5070FS,https://www.bing.com/ck/a?!&&p=f00a56d84c507c91773f2bd94abc2122a6b54a26324020bfda750f3355b220c1JmltdHM9MTc0MDQ0MTYwMA&ptn=3&ver=2&hsh=4&fclid=3d9f2297-7012-6f4d-112f-370971996ea2&u=a1aHR0cHM6Ly90b3JvYi5jb20vcC8yNDM3YTIxYy03ODgzLTRjYjEtODc4Zi1lZjM3NjRhNzkyZWQvJUQ5JTg1JUQ4JUE3JUQ4JUI0JURCJThDJUQ5JTg2LSVEOCVCOCVEOCVCMSVEOSU4MSVEOCVCNCVEOSU4OCVEQiU4QyVEQiU4Qy1kdzYwbTUwNzBmLw&ntb=1,bing.com,torob.com, , ,6,13, ,False
ماشین ظرفشویی,SNOWA,SNOWA-DW-SDW-A20W,https://www.digikala.com/product/dkp-16344911/%D9%85%D8%A7%D8%B4%DB%8C%D9%86-%D8%B8%D8%B1%D9%81%D8%B4%D9%88%DB%8C%DB%8C-14-%D9%86%D9%81%D8%B1%D9%87-%D8%A7%D8%B3%D9%86%D9%88%D8%A7-%D9%85%D8%AF%D9%84-sdw-a20w,yahoo.com,digikala.com,1,48,7,14, ,False
ماشین ظرفشویی,SNOWA,SNOWA-DW-SDW-A11S,https://www.entekhabcenter.com/product/product-snowa-dishwasher-for-13-people-model-sdw-sdw-a11s,yahoo.com,entekhabcenter.com,2,,6,13,10,False
ماشین ظرفشویی,X.VISION,X.VISION-DW-M140-S,https://www.digikala.com/product/dkp-10781378/%D9%85%D8%A7%D8%B4%DB%8C%D9%86-%D8%B8%D8%B1%D9%81%D8%B4%D9%88%DB%8C%DB%8C-%D8%A7%DB%8C%DA%A9%D8%B3-%D9%88%DB%8C%DA%98%D9%86-%D9%85%D8%AF%D9%84-m140-w-s,yahoo.com,digikala.com,2,44,8,14,10,False
ماشین ظرفشویی,X.VISION,X.VISION-DW-M150-S,https://www.digikala.com/product/dkp-14359646/%D9%85%D8%A7%D8%B4%DB%8C%D9%86-%D8%B8%D8%B1%D9%81%D8%B4%D9%88%DB%8C%DB%8C-14-%D9%86%D9%81%D8%B1%D9%87-%D8%A7%DB%8C%DA%A9%D8%B3-%D9%88%DB%8C%DA%98%D9%86-%D9%85%D8%AF%D9%84-m150ws,yahoo.com,digikala.com,2,49,8,14, ,False
ماشین ظرفشویی,ZEROWATT,ZEROWATT-DW-ZDM-3315S,https://www.digikala.com/product/dkp-3162939/%D9%85%D8%A7%D8%B4%DB%8C%D9%86-%D8%B8%D8%B1%D9%81%D8%B4%D9%88%DB%8C%DB%8C-%D8%B2%DB%8C%D8%B1%D9%88%D9%88%D8%A7%D8%AA-%D9%85%D8%AF%D9%84-zdm-3314,yahoo.com,digikala.com,2,49,8,14,10,False
ماشین ظرفشویی,ZEROWATT,ZEROWATT-DW-FCD-3550,https://www.entekhabcenter.com/product/zerowatt-dishwasher-for-15-people-model-fcd-3550-w,yahoo.com,entekhabcenter.com,2,,,15,11,False
ماشین لباسشویی,ABSAL,ABSAL-WM-REN7112,https://www.entekhabcenter.com/absal-ren7112w-washing-machine-7kg,yahoo.com,entekhabcenter.com,1,2,15,7,1200,False
ماشین لباسشویی,ABSAL,ABSAL-WM-WRE6310,https://www.digikala.com/product/dkp-11090364/%D9%85%D8%A7%D8%B4%DB%8C%D9%86-%D9%84%D8%A8%D8%A7%D8%B3%D8%B4%D9%88%DB%8C%DB%8C-%D8%A2%D8%A8%D8%B3%D8%A7%D9%84-%D9%85%D8%AF%D9%84-wre6310-w-%D8%B8%D8%B1%D9%81%DB%8C%D8%AA-6-%DA%A9%DB%8C%D9%84%D9%88%DA%AF%D8%B1%D9%85,yahoo.com,digikala.com,3,2, ,6,1000,False
ماشین لباسشویی,BEKO,BEKO-WM-WTV8736XS,https://www.bing.com/ck/a?!&&p=6fc93372f92a52f9d7772c6cfbf352bbc0828b1b48e7624e903553c14bafcc82JmltdHM9MTc0MDM1NTIwMA&ptn=3&ver=2&hsh=4&fclid=17c6e0a8-7aff-645e-122d-f5357b2d6548&u=a1aHR0cHM6Ly90b3JvYi5jb20vcC8wZjMwMzBkNC0yMTE3LTQ5ZDctYTA0NC1mMTA4M2QyNjczMjUvJUQ5JTg1JUQ4JUE3JUQ4JUI0JURCJThDJUQ5JTg2LSVEOSU4NCVEOCVBOCVEOCVBNyVEOCVCMyVEOCVCNCVEOSU4OCVEQiU4QyVEQiU4Qy0lRDglQTglREElQTklRDklODgtJUQ5JTg1JUQ4JUFGJUQ5JTg0LXd0djg3MzZ4cy8&ntb=1,bing.com,torob.com,1,2,16,8,1400,False
ماشین لباسشویی,BEKO,BEKO-WM-B3WFT57240MG, , , , , , , , ,False
ماشین لباسشویی,BLANTON,BLANTON-WM-WM9403,https://www.digikala.com/product/dkp-16679885/%D9%85%D8%A7%D8%B4%DB%8C%D9%86-%D9%84%D8%A8%D8%A7%D8%B3%D8%B4%D9%88%DB%8C%DB%8C-%D8%A8%D9%84%D8%A7%D9%86%D8%AA%D9%88%D9%86-%D9%85%D8%AF%D9%84-wm9403w-%D8%B8%D8%B1%D9%81%DB%8C%D8%AA-%DB%B9-%DA%A9%DB%8C%D9%84%D9%88%DA%AF%D8%B1%D9%85,yahoo.com,digikala.com,1,2, ,9,1400,False
ماشین لباسشویی,BLANTON,BLANTON-WM-WM8403,https://www.entekhabcenter.com/blanton-8-kg-washing-machine-model-wm8405w,yahoo.com,entekhabcenter.com,,,15,8,1400,False
ماشین لباسشویی,BOSCH,BOSCH-WM-WAG24400ME,https://www.bing.com/ck/a?!&&p=6f22f06fbff9d166d8c576033a4f3f5336b3a005f1d12c792a4ffcf37cab3c97JmltdHM9MTc0MDM1NTIwMA&ptn=3&ver=2&hsh=4&fclid=17c6e0a8-7aff-645e-122d-f5357b2d6548&u=a1aHR0cHM6Ly93d3cuc2FsbGFtYmFiYWEuY29tL1NCUC03MTU4L2Jvc2No&ntb=1,bing.com,sallambabaa.com,1,,14,9,1400,False
ماشین لباسشویی,BOSCH,BOSCH-WM-WGA2440XME,https://www.digikala.com/product/dkp-16777311/%D9%85%D8%A7%D8%B4%DB%8C%D9%86-%D9%84%D8%A8%D8%A7%D8%B3%D8%B4%D9%88%DB%8C%DB%8C-%D8%A7%D8%AA%D9%88%D9%85%D8%A7%D8%AA%DB%8C%DA%A9-%D8%A8%D9%88%D8%B4-%D9%85%D8%AF%D9%84-wga2440xme-%D8%B8%D8%B1%D9%81%DB%8C%D8%AA-9-%DA%A9%DB%8C%D9%84%D9%88%DA%AF%D8%B1%D9%85,yahoo.com,digikala.com,1,,14,9,1400,False
ماشین لباسشویی,BOST,BOST-WM-BWD-7120,https://www.digikala.com/product/dkp-17343497/%D9%85%D8%A7%D8%B4%DB%8C%D9%86-%D9%84%D8%A8%D8%A7%D8%B3%D8%B4%D9%88%DB%8C%DB%8C-%D8%A7%D8%AA%D9%88%D9%85%D8%A7%D8%AA%DB%8C%DA%A9-%D8%A8%D8%B3%D8%AA-%D9%85%D8%AF%D9%84-bwd-712-10-%D8%B8%D8%B1%D9%81%DB%8C%D8%AA-7-%DA%A9%DB%8C%D9%84%D9%88%DA%AF%D8%B1%D9%85,yahoo.com,digikala.com,1,2,15,7,1000,False
ماشین لباسشویی,BOST,BOST-WM-BWD-7171N,https://www.digikala.com/product/dkp-11226032/%D9%85%D8%A7%D8%B4%DB%8C%D9%86-%D9%84%D8%A8%D8%A7%D8%B3%D8%B4%D9%88%DB%8C%DB%8C-%D8%A8%D8%B3%D8%AA-%D9%85%D8%AF%D9%84-bwd-7171n-%D8%B8%D8%B1%D9%81%DB%8C%D8%AA-7-%DA%A9%DB%8C%D9%84%D9%88%DA%AF%D8%B1%D9%85,yahoo.com,digikala.com,3,2, ,7,1000,False
ماشین لباسشویی,CANDY,CANDY-WM-PFC-846W,https://www.bing.com/ck/a?!&&p=1b449e66b4591dda3b3e842f5da17f2c042d25da2503d2d2185aab71a1a3e2bdJmltdHM9MTc0MDQ0MTYwMA&ptn=3&ver=2&hsh=4&fclid=3d9f2297-7012-6f4d-112f-370971996ea2&u=a1aHR0cDovL3d3dy5hdHJhbWFydC5jb20vcHJvZHVjdC8yMTAxNy9HLVBsdXMtR1dNLUs4NDZXLVdhc2hpbmctTWFjaGluZS04S0c&ntb=1,bing.com,atramart.com, ,, ,8,1400,False
ماشین لباسشویی,CANDY,CANDY-WM-PFC-946W,https://www.bing.com/ck/a?!&&p=79cbba33025686a254e5d416e71debbed3f8dc455e6107e76a0ffd46bb76fb2bJmltdHM9MTc0MDQ0MTYwMA&ptn=3&ver=2&hsh=4&fclid=3d9f2297-7012-6f4d-112f-370971996ea2&u=a1aHR0cHM6Ly90b3JvYi5jb20vcC9mZjY2MmVkNS0xNjM3LTQ2ODItYmMzYS1kYTZhZDc1OTQ4ZWMvJUQ5JTg1JUQ4JUE3JUQ4JUI0JURCJThDJUQ5JTg2LSVEOSU4NCVEOCVBOCVEOCVBNyVEOCVCMyVEOCVCNCVEOSU4OCVEQiU4QyVEQiU4Qy0lREElQTklRDklODYlRDglQUYlREIlOEMtJUQ5JTg1JUQ4JUFGJUQ5JTg0LXBmYy05NDYtJUQ4JUIzJUQ4JUE3JURCJThDJUQ4JUIyLTktJURBJUE5JURCJThDJUQ5JTg0JUQ5JTg4Lw&ntb=1,bing.com,torob.com,2,,16,9,1400,False
ماشین لباسشویی,DAEWOO,DAEWOO-WM- LM-720W,https://www.entekhabcenter.com/product/daewoo-charisma-series-7-kg-washing-machine-model-lm-720w,yahoo.com,entekhabcenter.com,1,,15,7,1000,False
ماشین لباسشویی,DAEWOO,DAEWOO-WM-DWK-CH820C,https://www.digikala.com/product/dkp-11197206/%D9%85%D8%A7%D8%B4%DB%8C%D9%86-%D9%84%D8%A8%D8%A7%D8%B3%D8%B4%D9%88%DB%8C%DB%8C-%D8%AF%D9%88%D9%88-%D9%85%D8%AF%D9%84-dwk-ch820c-%D8%B8%D8%B1%D9%81%DB%8C%D8%AA-8-%DA%A9%DB%8C%D9%84%D9%88%DA%AF%D8%B1%D9%85,yahoo.com,digikala.com,1,2, ,8,1200,False
ماشین لباسشویی,DAEWOO ,DAEWOO -WM-SE991S,https://www.entekhabcenter.com/product/daewoo-senior-iot-series-9-kg-washing-machine-model-dwk-se991s,yahoo.com,entekhabcenter.com,1,1,14,9,1400,False
ماشین لباسشویی,EMERSUN,EMERSUN-WM-EMK03,https://www.bing.com/ck/a?!&&p=065afdb9b0f26246cd9e00b0e5581f74838d7d5db74d1246c1c68016a72995a4JmltdHM9MTc0MDQ0MTYwMA&ptn=3&ver=2&hsh=4&fclid=3d9f2297-7012-6f4d-112f-370971996ea2&u=a1aHR0cHM6Ly93d3cuYXRyYW1hcnQuY29tL3Byb2R1Y3QvMjExNDQvRW1lcnN1bi1FTUswMy1XYXNoaW5nLU1hY2hpbmUtOEtH&ntb=1,bing.com,atramart.com,2000,, ,8,1400,False
ماشین لباسشویی,GENERAL HOUSE,GENERAL HOUSE-WM-GH8034,https://www.digikala.com/product/dkp-7864661/%D9%85%D8%A7%D8%B4%DB%8C%D9%86-%D9%84%D8%A8%D8%A7%D8%B3%D8%B4%D9%88%DB%8C%DB%8C-%D8%AC%D9%86%D8%B1%D8%A7%D9%84-%D9%87%D8%A7%D9%88%D8%B3-%D9%85%D8%AF%D9%84-gwm8034-%D8%B8%D8%B1%D9%81%DB%8C%D8%AA-8-%DA%A9%DB%8C%D9%84%D9%88%DA%AF%D8%B1%D9%85,yahoo.com,digikala.com,1,2, ,8,1400,False
ماشین لباسشویی,GPLUS,GPLUS-WM-GWM-P870S,https://www.bing.com/ck/a?!&&p=df37bb5749b62f90cc1f9a5288765d57f2d62c66d8989c1e5c1e816e9d80281cJmltdHM9MTc0MDQ0MTYwMA&ptn=3&ver=2&hsh=4&fclid=3d9f2297-7012-6f4d-112f-370971996ea2&u=a1aHR0cHM6Ly90b3JvYi5jb20vcC82Y2ExOGFlNi04MDc3LTQwNGItYWM4ZC1mYTRlNmRlYzBjNjcvJUQ5JTg1JUQ4JUE3JUQ4JUI0JURCJThDJUQ5JTg2LSVEOSU4NCVEOCVBOCVEOCVBNyVEOCVCMyVEOCVCNCVEOSU4OCVEQiU4QyVEQiU4Qy0lRDglQUMlREIlOEMtJUQ5JUJFJUQ5JTg0JUQ4JUE3JUQ4JUIzLSVEOSU4NSVEOCVBRiVEOSU4NC1nd20tcDg3MHMv&ntb=1,bing.com,torob.com,1,,6,8,1200,False
ماشین لباسشویی,GPLUS,GPLUS-WM-GWM-L880W,https://www.digikala.com/product/dkp-8831376/%D9%85%D8%A7%D8%B4%DB%8C%D9%86-%D9%84%D8%A8%D8%A7%D8%B3%D8%B4%D9%88%DB%8C%DB%8C-%D8%AC%DB%8C-%D9%BE%D9%84%D8%A7%D8%B3-%D9%85%D8%AF%D9%84-gwm-l880w-%D8%B8%D8%B1%D9%81%DB%8C%D8%AA-8-%DA%A9%DB%8C%D9%84%D9%88%DA%AF%D8%B1%D9%85,yahoo.com,digikala.com,1,1, ,8,1400,False
ماشین لباسشویی,GSUN,GSUN-WM-GSM8012,https://www.bing.com/ck/a?!&&p=0e9cbbb7c14c200dad77e36000220bc0c8f7d486671f4969fc470db4107435e7JmltdHM9MTc0MDQ0MTYwMA&ptn=3&ver=2&hsh=4&fclid=3d9f2297-7012-6f4d-112f-370971996ea2&u=a1aHR0cHM6Ly90b3JvYi5jb20vcC8zYWRjMGI1NC04YTNkLTQxZTEtYTEzMS0wMDgyNzcwNGIzZWIvJUQ5JTg1JUQ4JUE3JUQ4JUI0JURCJThDJUQ5JTg2LSVEOSU4NCVEOCVBOCVEOCVBNyVEOCVCMyVEOCVCNCVEOSU4OCVEQiU4QyVEQiU4Qy0lRDglQUMlREIlOEMtJUQ4JUIzJUQ4JUE3JUQ5JTg2LSVEOSU4NSVEOCVBRiVEOSU4NC04MDEyLSVEOCVCOCVEOCVCMSVEOSU4MSVEQiU4QyVEOCVBQS04LSVEQSVBOSVEQiU4QyVEOSU4NCVEOSU4OC8&ntb=1,bing.com,torob.com, , , ,, ,False
ماشین لباسشویی,GSUN,GSUN-WM-GSM1416,https://www.bing.com/ck/a?!&&p=456e451342abec3ac20cd72b5485139582d1949f94d34359a477c8a4c2bfa4a6JmltdHM9MTc0MDQ0MTYwMA&ptn=3&ver=2&hsh=4&fclid=3d9f2297-7012-6f4d-112f-370971996ea2&u=a1aHR0cHM6Ly90b3JvYi5jb20vcC9kMzFlMjRlZi1mZTEyLTQxNmQtYjg4MS02NDU3MDU2YTk2YmUvJUQ5JTg1JUQ4JUE3JUQ4JUI0JURCJThDJUQ5JTg2LSVEOSU4NCVEOCVBOCVEOCVBNyVEOCVCMyVEOCVCNCVEOSU4OCVEQiU4QyVEQiU4Qy0lRDglQTclRDglQUElRDklODglRDklODUlRDglQTclRDglQUEtJURBJUFGJURCJThDJUQ4JUIxJUQ4JUE4JURBJUE5JUQ4JUIzJURCJThDLSVEOSU4NiVEOCVBNyVEOCVCMyVEQiU4QyVEOSU4OCVEOSU4NiVEOCVBNyVEOSU4NC0lRDglQTclRDklODYlREIlOEMlRDklODQtOS0lREElQTklREIlOEMlRDklODQlRDklODgtJUQ5JTg1JUQ4JUFGJUQ5JTg0LXdtLTE0MTYtdzkv&ntb=1,bing.com,torob.com,2,,16,,,False
ماشین لباسشویی,HIMALIA,HIMALIA-WM-HWM-816,https://www.bing.com/ck/a?!&&p=d0a5764b442199f5875e3d08912e2ba481a787957c62a7e5f6a3c9012233fdb1JmltdHM9MTc0MDM1NTIwMA&ptn=3&ver=2&hsh=4&fclid=17c6e0a8-7aff-645e-122d-f5357b2d6548&u=a1aHR0cHM6Ly90b3JvYi5jb20vcC8wZGNmZWRmMi03YWU0LTQ0ZDQtOGUzMC04MGJmM2UyZjM1ZjYvJUQ5JTg0JUQ4JUE4JUQ4JUE3JUQ4JUIzJUQ4JUI0JUQ5JTg4JURCJThDJURCJThDLSVEOSU4NyVEQiU4QyVEOSU4NSVEOCVBNyVEOSU4NCVEQiU4QyVEOCVBNy04LSVEQSVBOSVEQiU4QyVEOSU4NCVEOSU4OC1od20tODE2dzE0Lw&ntb=1,bing.com,torob.com,1,2,12,8,1400,False
ماشین لباسشویی,HIMALIA,HIMALIA-WM-HWM-816W,https://www.bing.com/ck/a?!&&p=d0a5764b442199f5875e3d08912e2ba481a787957c62a7e5f6a3c9012233fdb1JmltdHM9MTc0MDM1NTIwMA&ptn=3&ver=2&hsh=4&fclid=17c6e0a8-7aff-645e-122d-f5357b2d6548&u=a1aHR0cHM6Ly90b3JvYi5jb20vcC8wZGNmZWRmMi03YWU0LTQ0ZDQtOGUzMC04MGJmM2UyZjM1ZjYvJUQ5JTg0JUQ4JUE4JUQ4JUE3JUQ4JUIzJUQ4JUI0JUQ5JTg4JURCJThDJURCJThDLSVEOSU4NyVEQiU4QyVEOSU4NSVEOCVBNyVEOSU4NCVEQiU4QyVEOCVBNy04LSVEQSVBOSVEQiU4QyVEOSU4NCVEOSU4OC1od20tODE2dzE0Lw&ntb=1,bing.com,torob.com,1,2,12,8,1400,False
ماشین لباسشویی,HISENSE,HISENSE-WM-WFH8012DS,https://www.entekhabcenter.com/hisense-wfh8012ds-washing-mashineh9uyrux,yahoo.com,entekhabcenter.com,2, , ,8,1200,False
ماشین لباسشویی,HYUNDAI,HYUNDAI-WM-HWM-7212S,https://www.bing.com/ck/a?!&&p=e0507e2b94b01b277d77e039737330599eac8b4bf6898e081ebdca6da61e7e2fJmltdHM9MTc0MDQ0MTYwMA&ptn=3&ver=2&hsh=4&fclid=3d9f2297-7012-6f4d-112f-370971996ea2&u=a1aHR0cHM6Ly90b3JvYi5jb20vcC8zYzVkY2RmZC01YzQxLTQ4N2ItYmEwZC1jMWU3MDBkMjExODkvJUQ5JTg1JUQ4JUE3JUQ4JUI0JURCJThDJUQ5JTg2LSVEOSU4NCVEOCVBOCVEOCVBNyVEOCVCMyVEOCVCNCVEOSU4OCVEQiU4QyVEQiU4Qy0lRDklODclREIlOEMlRDklODglRDklODYlRDglQUYlRDglQTclREIlOEMtJUQ5JTg1JUQ4JUFGJUQ5JTg0LWh3bS03MjEyLSVEOCVCOCVEOCVCMSVEOSU4MSVEQiU4QyVEOCVBQS03LSVEQSVBOSVEQiU4QyVEOSU4NCVEOSU4OCVEQSVBRiVEOCVCMSVEOSU4NS8&ntb=1,bing.com,torob.com,1,2,16,7,1200,False
ماشین لباسشویی,HYUNDAI,HYUNDAI-WM-HWM-9418W,https://www.bing.com/ck/a?!&&p=4851ade2d900b42a2f4baee246ce220c3d27413eb6fc4b454fee20e8d8091383JmltdHM9MTc0MDM1NTIwMA&ptn=3&ver=2&hsh=4&fclid=17c6e0a8-7aff-645e-122d-f5357b2d6548&u=a1aHR0cHM6Ly90b3JvYi5jb20vcC8xMTIxYTAzNS0zM2E2LTQwMGYtYjU0OS0yZGYwMDI0YmIxNjYvJUQ5JTg1JUQ4JUE3JUQ4JUI0JURCJThDJUQ5JTg2LSVEOSU4NCVEOCVBOCVEOCVBNyVEOCVCMyVEOCVCNCVEOSU4OCVEQiU4QyVEQiU4Qy0lRDklODclREIlOEMlRDklODglRDklODYlRDglQUYlRDglQTclREIlOEMtJUQ5JTg1JUQ4JUFGJUQ5JTg0LWh3bS05NDE4LSVEOCVCOCVEOCVCMSVEOSU4MSVEQiU4QyVEOCVBQS05LSVEQSVBOSVEQiU4QyVEOSU4NCVEOSU4OCVEQSVBRiVEOCVCMSVEOSU4NS8&ntb=1,bing.com,torob.com,1,,18,9,1400,False
ماشین لباسشویی,INDESIT,INDESIT-WM-BWE-91683XWUK,https://www.entekhabcenter.com/product/indesit-9-kg-washing-machine-model-bwe-91683-x-w-uk,yahoo.com,entekhabcenter.com,2,,16,9,1600,False
ماشین لباسشویی,KENWOOD,KENWOOD-WM-KWM6841W,https://www.bing.com/ck/a?!&&p=b8b47fca7f20188b314b2f139b5b5fd79f91896893f46b931a4017e341b94b18JmltdHM9MTc0MDQ0MTYwMA&ptn=3&ver=2&hsh=4&fclid=3d9f2297-7012-6f4d-112f-370971996ea2&u=a1aHR0cHM6Ly90b3JvYi5jb20vcC9jMmYwYTA2Ny02MDkzLTRmZWYtODEwZS04MzY0ZjIxMGYzNzEvJURBJUE5JUQ4JUE3JUQ5JTg0JUQ4JUE3LSVEOSU4NCVEOCVBOCVEOCVBNyVEOCVCMyVEOCVCNCVEOSU4OCVEQiU4QyVEQiU4Qy04LSVEQSVBOSVEQiU4QyVEOSU4NCVEOSU4OCVEQSVBRiVEOCVCMSVEOSU4NS0lREElQTklRDklODYlRDklODglRDklODglRDglQUYtJUQ5JTg1JUQ4JUFGJUQ5JTg0LWt3bS02ODQxLw&ntb=1,bing.com,torob.com, ,,20,1,1400,False
ماشین لباسشویی,KENWOOD,KENWOOD-WM-KWM-8260,https://www.bing.com/ck/a?!&&p=e8680924d9e9b1867d2c355f59f910f40d58195a18890c30d3d8da4963a66f23JmltdHM9MTc0MDQ0MTYwMA&ptn=3&ver=2&hsh=4&fclid=3d9f2297-7012-6f4d-112f-370971996ea2&u=a1aHR0cHM6Ly90b3JvYi5jb20vcC81ZTkyNTcyMi1lYjY5LTQxNmItODc3YS00MjM3YTdhYzBmYzYvJURBJUE5JUQ4JUE3JUQ5JTg0JUQ4JUE3LSVEOSU4NSVEOCVBNyVEOCVCNCVEQiU4QyVEOSU4Ni0lRDklODQlRDglQTglRDglQTclRDglQjMlRDglQjQlRDklODglREIlOEMlREIlOEMtJURBJUE5JUQ5JTg2JUQ5JTg4JUQ5JTg4JUQ4JUFGLSVEOSU4NSVEOCVBRiVEOSU4NC1rd20tODI2MC8&ntb=1,bing.com,torob.com,8,, ,8,1400,False
ماشین لباسشویی,LEOCO,LEOCO-WM-PRIME-LWM716S,https://www.digikala.com/product/dkp-14021573/%D9%85%D8%A7%D8%B4%DB%8C%D9%86-%D9%84%D8%A8%D8%A7%D8%B3%D8%B4%D9%88%DB%8C%DB%8C-%D9%84%D8%A6%D9%88%DA%A9%D9%88-%D9%85%D8%AF%D9%84-lwm716s-%D8%B8%D8%B1%D9%81%DB%8C%D8%AA-7-%DA%A9%DB%8C%D9%84%D9%88%DA%AF%D8%B1%D9%85,yahoo.com,digikala.com,1,2, ,7,1200,False
ماشین لباسشویی,LG,LG-WM-F4J6TNP0W,https://www.bing.com/ck/a?!&&p=f9f4cbc6abd6f461d099f9541c35b2a446712fc0ab99b46cd7af106d422d9262JmltdHM9MTc0MDM1NTIwMA&ptn=3&ver=2&hsh=4&fclid=17c6e0a8-7aff-645e-122d-f5357b2d6548&u=a1aHR0cHM6Ly93d3cuc2FsbGFtYmFiYWEuY29tL1NCUC03NTcyL2xn&ntb=1,bing.com,sallambabaa.com,,1,14,8,1400,False
ماشین لباسشویی,LG,LG-WM-WM843SW,https://www.bing.com/ck/a?!&&p=462226374b6b07311bc8b5c29c220b738037a8d833862632a8875cd4bb9c79e1JmltdHM9MTc0MDQ0MTYwMA&ptn=3&ver=2&hsh=4&fclid=3d9f2297-7012-6f4d-112f-370971996ea2&u=a1aHR0cHM6Ly90b3JvYi5jb20vcC9hN2M3ZjEyOS1lOWM5LTRlMWMtYTM1Zi1hNDIyZjc1YmQ2ZDgvJUQ5JTg1JUQ4JUE3JUQ4JUI0JURCJThDJUQ5JTg2LSVEOSU4NCVEOCVBOCVEOCVBNyVEOCVCMyVEOCVCNCVEOSU4OCVEQiU4QyVEQiU4Qy0lRDglQTclRDklODQtJUQ4JUFDJURCJThDLSVEOSU4NSVEOCVBRiVEOSU4NC13bS04NDMv&ntb=1,bing.com,torob.com, , , ,, ,False
ماشین لباسشویی,MAGICWASH,MAGICWASH-WM-WM601000,https://www.bing.com/ck/a?!&&p=3415e7db7f952ee60bc4c6a7570d8eae3b64920068f23b71067b11de344adf04JmltdHM9MTc0MDQ0MTYwMA&ptn=3&ver=2&hsh=4&fclid=3d9f2297-7012-6f4d-112f-370971996ea2&u=a1aHR0cHM6Ly90b3JvYi5jb20vcC85MzlhZjc2Zi01OTE1LTQ2YmMtOGM2OC1hNDczOWMyOTI5ODIvJUQ5JTg1JUQ4JUE3JUQ4JUI0JURCJThDJUQ5JTg2LSVEOSU4NCVEOCVBOCVEOCVBNyVEOCVCMyVEOCVCNCVEOSU4OCVEQiU4QyVEQiU4Qy02LSVEQSVBOSVEQiU4QyVEOSU4NCVEOSU4OCVEQiU4QyVEQiU4Qy0lRDklODUlRDglQUMlREIlOEMlREElQTktJUQ5JTg1JUQ4JUFGJUQ5JTg0LTYwMTAwMC8&ntb=1,bing.com,torob.com,1,2,16,6,1000,False
ماشین لباسشویی,MAGICWASH,MAGICWASH-WM-WM801400,https://www.bing.com/ck/a?!&&p=01ef43961380bf842d88fe12e5f6b26a3d001f657e0ac937ccaff50e51e7250eJmltdHM9MTc0MDQ0MTYwMA&ptn=3&ver=2&hsh=4&fclid=3d9f2297-7012-6f4d-112f-370971996ea2&u=a1aHR0cHM6Ly90b3JvYi5jb20vcC9iNDgwYmU3MC0wNGQzLTQ2MzktYjcxOC1kNGE2NWViMjI2NmYvJUQ5JTg1JUQ4JUE3JUQ4JUI0JURCJThDJUQ5JTg2LSVEOSU4NCVEOCVBOCVEOCVBNyVEOCVCMyVEOCVCNCVEOSU4OCVEQiU4QyVEQiU4Qy04LSVEQSVBOSVEQiU4QyVEOSU4NCVEOSU4OCVEQiU4QyVEQiU4Qy0lRDklODUlRDglQUMlREIlOEMlREElQTktJUQ5JTg1JUQ4JUFGJUQ5JTg0LTgwMTQwMC8&ntb=1,bing.com,torob.com, , , , , ,False
ماشین لباسشویی,MIDEA,MIDEA-WM-WU-24802,https://www.entekhabcenter.com/product/midea-wu-24802-w-washing-mashine,yahoo.com,entekhabcenter.com,1, , ,8,1400,False
ماشین لباسشویی,Magic,Magic-WM-147M01, , , , , , , , ,False
ماشین لباسشویی,NATIONAL,NATIONAL-WM-NP-WD914LG, , , , , , , , ,False
ماشین لباسشویی,PAKSHOMA,PAKSHOMA-WM-UWF-20801,https://www.entekhabcenter.com/pakshoma-8-kg-washing-machine-uwf-20801wt,yahoo.com,entekhabcenter.com,2,,15,8,1200,False
ماشین لباسشویی,PAKSHOMA,PAKSHOMA-WM-BWF-40801,https://www.entekhabcenter.com/product/product-pakshuma-8-kg-washing-machine-model-bwf40801-st,yahoo.com,entekhabcenter.com,2,,16,8,1400,False
ماشین لباسشویی,PARS KHAZAR,PARS KHAZAR-WM-8514S,https://www.digikala.com/product/dkp-2455765/%D9%85%D8%A7%D8%B4%DB%8C%D9%86-%D9%84%D8%A8%D8%A7%D8%B3%D8%B4%D9%88%DB%8C%DB%8C-%D9%BE%D8%A7%D8%B1%D8%B3-%D8%AE%D8%B2%D8%B1-%D9%85%D8%AF%D9%84-wm-8514-%D8%B8%D8%B1%D9%81%DB%8C%D8%AA-85-%DA%A9%DB%8C%D9%84%D9%88%DA%AF%D8%B1%D9%85,yahoo.com,digikala.com,1,2, ,8,1400,False
ماشین لباسشویی,SAM,SAM-WM-Q1435W,https://www.entekhabcenter.com/sam-electronic-8-kg-washing-machine-model-un-q1435-w,yahoo.com,entekhabcenter.com,1, , ,8,1400,False
ماشین لباسشویی,SAM,SAM-WM-BL-P1485,https://www.entekhabcenter.com/sam-electronic-9-kg-washing-machine-model-dd-p1485,yahoo.com,entekhabcenter.com,1,2, ,9,1400,False
ماشین لباسشویی,SAMSUNG,SAMSUNG-WM-WW90T554DAN,https://www.bing.com/ck/a?!&&p=c716a8715c190a04f2666a294ac59a9a699a6351b7f6a27f0f97254b60c63e82JmltdHM9MTc0MDM1NTIwMA&ptn=3&ver=2&hsh=4&fclid=17c6e0a8-7aff-645e-122d-f5357b2d6548&u=a1aHR0cHM6Ly93d3cuc2FsbGFtYmFiYWEuY29tL1NCUC01NjI4L3NhbXN1bmc&ntb=1,bing.com,sallambabaa.com,4,,22,9,1400,False
ماشین لباسشویی,SAMSUNG,SAMSUNG-WM-WW90K5210,https://www.bing.com/ck/a?!&&p=eb8c0000996f1db336559b12f915522b4977c89ec6ab1119ddd2005fcb9adeb7JmltdHM9MTc0MDQ0MTYwMA&ptn=3&ver=2&hsh=4&fclid=3d9f2297-7012-6f4d-112f-370971996ea2&u=a1aHR0cHM6Ly90b3JvYi5jb20vcC9lOTA0ZDlhZS05NDU2LTRiMjgtOTA2Ny0wMTgyODlkZTI3MzYvJUQ5JTg1JUQ4JUE3JUQ4JUI0JURCJThDJUQ5JTg2LSVEOSU4NCVEOCVBOCVEOCVBNyVEOCVCMyVEOCVCNCVEOSU4OCVEQiU4QyVEQiU4Qy0lRDglQjMlRDglQTclRDklODUlRDglQjMlRDklODglRDklODYlREElQUYtJUQ5JTg1JUQ4JUFGJUQ5JTg0LXd3ODBrNTIxMy8&ntb=1,bing.com,torob.com, , , ,9,1400,False
ماشین لباسشویی,SANAM,SANAM-WM-SWM814L3W,https://www.bing.com/ck/a?!&&p=079b42fabc482dc13b61319fef55a5aebadd5ab22ade78aa0dbf83647bb1c638JmltdHM9MTc0MDQ0MTYwMA&ptn=3&ver=2&hsh=4&fclid=3d9f2297-7012-6f4d-112f-370971996ea2&u=a1aHR0cHM6Ly90b3JvYi5jb20vcC9hYWVlNzU2Mi0xMmU4LTRhN2QtOTM0YS04ZGE3YzIxMTkwYzQvJUQ5JTg1JUQ4JUE3JUQ4JUI0JURCJThDJUQ5JTg2LSVEOSU4NCVEOCVBOCVEOCVBNyVEOCVCMyVEOCVCNCVEOSU4OCVEQiU4QyVEQiU4Qy04LSVEQSVBOSVEQiU4QyVEOSU4NCVEOSU4OCVEQSVBRiVEOCVCMSVEOSU4NSVEQiU4Qy0lRDklODUlRDglQUYlRDklODQtd20tODE0LSVEOCVCMyVEOSU4MSVEQiU4QyVEOCVBRi8&ntb=1,bing.com,torob.com, , , ,, ,False
ماشین لباسشویی,SNOWA,SNOWA-WM-SWM-A70W,https://www.entekhabcenter.com/product/snowa-7-kg-washing-machine-harmony-slim-series-model-swm-a70w,yahoo.com,entekhabcenter.com,1,,15,7,1000,False
ماشین لباسشویی,SNOWA,SNOWA-WM-SWM-C80W,https://www.entekhabcenter.com/snowa-8-kg-washing-machine-model-swm-c80w,yahoo.com,entekhabcenter.com,1,,15,8,1000,False
ماشین لباسشویی,TCL,TCL-WM_K112-AWI,https://www.bing.com/ck/a?!&&p=b5c528f7bfe5d853d3028444b2096f0df1ae58e2d62bb3932526260f73531c8fJmltdHM9MTc0MDQ0MTYwMA&ptn=3&ver=2&hsh=4&fclid=3d9f2297-7012-6f4d-112f-370971996ea2&u=a1aHR0cHM6Ly90b3JvYi5jb20vcC84NmE2OWUzMC04OWNkLTQwOTEtYmNmYy0xYTgzNGUxZGIxNTMvJUQ5JTg1JUQ4JUE3JUQ4JUI0JURCJThDJUQ5JTg2LSVEOSU4NCVEOCVBOCVEOCVBNyVEOCVCMyVEOCVCNCVEOSU4OCVEQiU4QyVEQiU4Qy0lRDglQUElREIlOEMtJUQ4JUIzJURCJThDLSVEOCVBNyVEOSU4NC0lRDklODUlRDglQUYlRDklODQtazExMi8&ntb=1,bing.com,torob.com,1,,16,11,1200,False
ماشین لباسشویی,X.VISION,X.VISION-WM-TG72-BW,https://www.entekhabcenter.com/xvision-tg72-bw-washing-machine,yahoo.com,entekhabcenter.com,1,,16,7,1200,False
ماشین لباسشویی,X.VISION,X.VISION-WM-TF94-AWBL,https://www.entekhabcenter.com/product/xvision-9-kg-washing-machine-model-tf94-awbl,yahoo.com,entekhabcenter.com,1,,15,9,1400,False
ماشین لباسشویی,ZEROWATT,ZEROWATT-WM-FCA4860W,https://www.bing.com/ck/a?!&&p=187c7e936e58dfac9a4faec5ddc482fafd2399adb1b8b61d52563329485f4e87JmltdHM9MTc0MDM1NTIwMA&ptn=3&ver=2&hsh=4&fclid=17c6e0a8-7aff-645e-122d-f5357b2d6548&u=a1aHR0cHM6Ly93d3cuZW50ZWtoYWJjZW50ZXIuY29tL3plcm93YXR0LWZjYTQ4NjAtdy13YXNoaW5nLW1hY2hpbmUtOC1rZw&ntb=1,bing.com,entekhabcenter.com,1,1,21,8,1400,False
ماشین لباسشویی,ZEROWATT,ZEROWATT-WM-FCS-4940W, , , , , , , , ,False
